"Titre","Alias","Corps","Date","Type","Thèmes","Chapo","Publié","Langue","Publié"
"Article de test complet (generated)","/publications/%C3%A9tudes/article-de-test-complet-generated","Lorem ipsum dolor sit amet, consectetur adipiscing elit. Fusce diam leo, ultricies at fermentum non, porttitor eu nulla. Praesent iaculis, leo et ultricies tristique, elit ipsum fermentum tellus, nec tristique ante justo in odio. Fusce dolor justo, lobortis nec ipsum id, accumsan efficitur tortor. Duis laoreet malesuada porta. Donec sollicitudin metus eu felis porttitor, quis lobortis arcu sagittis. Lorem ipsum dolor sit amet, consectetur adipiscing elit. In ultricies lorem ut tincidunt rutrum. Nam aliquam eros ex, in fringilla ante mollis id. Fusce sagittis laoreet rutrum. Pellentesque gravida mi vel est sagittis euismod. Mauris consequat sapien quis luctus hendrerit. Duis ultrices est felis, vel tincidunt massa dignissim nec.
 



  test_pdf_lorem.pdf



test_pdf_lorem.pdf, par admin



Curabitur vestibulum, magna vel elementum congue, odio diam eleifend metus, id dignissim metus felis a felis. Pellentesque volutpat dolor at nisi tempor, nec molestie urna pellentesque. Cum sociis natoque penatibus et magnis dis parturient montes, nascetur ridiculus mus. Etiam sit amet tincidunt sem, et accumsan lorem. Donec eleifend ligula id rhoncus porttitor. Curabitur at odio nec arcu ornare sodales a nec libero. Nulla in leo quis augue sollicitudin viverra. Phasellus ipsum nisl, tincidunt in finibus sed, commodo eget massa. Nulla sapien arcu, rutrum vitae mollis id, interdum a enim. Cras in quam vitae magna malesuada pulvinar in at lorem. Pellentesque efficitur tortor at tristique pulvinar. Mauris a vehicula orci. Phasellus sollicitudin diam vitae ligula fringilla blandit.
 




stockvault-empty-room109101.jpg
© test, test2

 



Vestibulum vel mi in lorem porta porta id quis elit. Sed non aliquam libero. Nulla facilisis ante lacus, vitae interdum mi iaculis sit amet. Pellentesque habitant morbi tristique senectus et netus et malesuada fames ac turpis egestas. Proin eget ligula quis risus dapibus sagittis. Suspendisse sollicitudin, nibh vel dictum cursus, leo libero lobortis risus, at mollis leo est id lectus. Nam eu sollicitudin orci, a bibendum ipsum. Nullam efficitur velit dolor, eget maximus enim suscipit vitae. Nullam commodo suscipit metus, ac mollis ex tempus sed. Mauris egestas sem id venenatis venenatis. Phasellus non lectus iaculis tortor elementum dignissim.
 
Curabitur ornare eros magna, eget eleifend dolor porttitor eget. In hac habitasse platea dictumst. Duis euismod dolor sem, at rhoncus enim varius a. Mauris ut iaculis metus, vel bibendum mi. Phasellus fermentum ullamcorper condimentum. Vestibulum ante ipsum primis in faucibus orci luctus et ultrices posuere cubilia Curae; Sed ultrices semper dolor vel vehicula. Nulla pretium eros at ullamcorper auctor. Quisque consectetur ultricies diam congue tincidunt. Etiam tempus tortor at sapien porta, sit amet convallis ex rhoncus. Nam sed lacus tristique, euismod nibh non, imperdiet nibh. In fermentum mauris lorem, in rhoncus quam facilisis quis. Mauris at ornare tellus. Morbi consequat molestie imperdiet. Sed volutpat justo rhoncus ligula hendrerit consequat.
Morbi commodo vel diam ut viverra. Suspendisse pellentesque eget tortor elementum congue. In tincidunt est sem, et finibus massa rhoncus non. Ut eget turpis neque. Integer convallis enim at eros maximus sodales. Interdum et malesuada fames ac ante ipsum primis in faucibus. Praesent sit amet condimentum ipsum.

","2014-01-03 00:00:00","Études","Nantes, Innovation","Morbi commodo vel diam ut viverra. Suspendisse pellentesque eget tortor elementum congue. In tincidunt est sem, et finibus massa rhoncus non. Ut eget turpis neque. Integer convallis enim at eros maximus sodales. Interdum et malesuada fames ac ante ipsum primis in faucibus. Praesent sit amet condimentum ipsum.
","Soirée de Noël (generated)","Français","Oui"
"Article de test complet (generated)","/publications/%C3%A9tudes/article-de-test-complet-generated","Lorem ipsum dolor sit amet, consectetur adipiscing elit. Fusce diam leo, ultricies at fermentum non, porttitor eu nulla. Praesent iaculis, leo et ultricies tristique, elit ipsum fermentum tellus, nec tristique ante justo in odio. Fusce dolor justo, lobortis nec ipsum id, accumsan efficitur tortor. Duis laoreet malesuada porta. Donec sollicitudin metus eu felis porttitor, quis lobortis arcu sagittis. Lorem ipsum dolor sit amet, consectetur adipiscing elit. In ultricies lorem ut tincidunt rutrum. Nam aliquam eros ex, in fringilla ante mollis id. Fusce sagittis laoreet rutrum. Pellentesque gravida mi vel est sagittis euismod. Mauris consequat sapien quis luctus hendrerit. Duis ultrices est felis, vel tincidunt massa dignissim nec.
 



  test_pdf_lorem.pdf



test_pdf_lorem.pdf, par admin



Curabitur vestibulum, magna vel elementum congue, odio diam eleifend metus, id dignissim metus felis a felis. Pellentesque volutpat dolor at nisi tempor, nec molestie urna pellentesque. Cum sociis natoque penatibus et magnis dis parturient montes, nascetur ridiculus mus. Etiam sit amet tincidunt sem, et accumsan lorem. Donec eleifend ligula id rhoncus porttitor. Curabitur at odio nec arcu ornare sodales a nec libero. Nulla in leo quis augue sollicitudin viverra. Phasellus ipsum nisl, tincidunt in finibus sed, commodo eget massa. Nulla sapien arcu, rutrum vitae mollis id, interdum a enim. Cras in quam vitae magna malesuada pulvinar in at lorem. Pellentesque efficitur tortor at tristique pulvinar. Mauris a vehicula orci. Phasellus sollicitudin diam vitae ligula fringilla blandit.
 




stockvault-empty-room109101.jpg
© test, test2

 



Vestibulum vel mi in lorem porta porta id quis elit. Sed non aliquam libero. Nulla facilisis ante lacus, vitae interdum mi iaculis sit amet. Pellentesque habitant morbi tristique senectus et netus et malesuada fames ac turpis egestas. Proin eget ligula quis risus dapibus sagittis. Suspendisse sollicitudin, nibh vel dictum cursus, leo libero lobortis risus, at mollis leo est id lectus. Nam eu sollicitudin orci, a bibendum ipsum. Nullam efficitur velit dolor, eget maximus enim suscipit vitae. Nullam commodo suscipit metus, ac mollis ex tempus sed. Mauris egestas sem id venenatis venenatis. Phasellus non lectus iaculis tortor elementum dignissim.
 
Curabitur ornare eros magna, eget eleifend dolor porttitor eget. In hac habitasse platea dictumst. Duis euismod dolor sem, at rhoncus enim varius a. Mauris ut iaculis metus, vel bibendum mi. Phasellus fermentum ullamcorper condimentum. Vestibulum ante ipsum primis in faucibus orci luctus et ultrices posuere cubilia Curae; Sed ultrices semper dolor vel vehicula. Nulla pretium eros at ullamcorper auctor. Quisque consectetur ultricies diam congue tincidunt. Etiam tempus tortor at sapien porta, sit amet convallis ex rhoncus. Nam sed lacus tristique, euismod nibh non, imperdiet nibh. In fermentum mauris lorem, in rhoncus quam facilisis quis. Mauris at ornare tellus. Morbi consequat molestie imperdiet. Sed volutpat justo rhoncus ligula hendrerit consequat.
Morbi commodo vel diam ut viverra. Suspendisse pellentesque eget tortor elementum congue. In tincidunt est sem, et finibus massa rhoncus non. Ut eget turpis neque. Integer convallis enim at eros maximus sodales. Interdum et malesuada fames ac ante ipsum primis in faucibus. Praesent sit amet condimentum ipsum.

","2014-01-03 00:00:00","Études","Nantes, Innovation","Morbi commodo vel diam ut viverra. Suspendisse pellentesque eget tortor elementum congue. In tincidunt est sem, et finibus massa rhoncus non. Ut eget turpis neque. Integer convallis enim at eros maximus sodales. Interdum et malesuada fames ac ante ipsum primis in faucibus. Praesent sit amet condimentum ipsum.
","Cras pretium arcu vel ornare ullamcorper","Français","Oui"
"Article de test complet (generated)","/publications/%C3%A9tudes/article-de-test-complet-generated","Lorem ipsum dolor sit amet, consectetur adipiscing elit. Fusce diam leo, ultricies at fermentum non, porttitor eu nulla. Praesent iaculis, leo et ultricies tristique, elit ipsum fermentum tellus, nec tristique ante justo in odio. Fusce dolor justo, lobortis nec ipsum id, accumsan efficitur tortor. Duis laoreet malesuada porta. Donec sollicitudin metus eu felis porttitor, quis lobortis arcu sagittis. Lorem ipsum dolor sit amet, consectetur adipiscing elit. In ultricies lorem ut tincidunt rutrum. Nam aliquam eros ex, in fringilla ante mollis id. Fusce sagittis laoreet rutrum. Pellentesque gravida mi vel est sagittis euismod. Mauris consequat sapien quis luctus hendrerit. Duis ultrices est felis, vel tincidunt massa dignissim nec.
 



  test_pdf_lorem.pdf



test_pdf_lorem.pdf, par admin



Curabitur vestibulum, magna vel elementum congue, odio diam eleifend metus, id dignissim metus felis a felis. Pellentesque volutpat dolor at nisi tempor, nec molestie urna pellentesque. Cum sociis natoque penatibus et magnis dis parturient montes, nascetur ridiculus mus. Etiam sit amet tincidunt sem, et accumsan lorem. Donec eleifend ligula id rhoncus porttitor. Curabitur at odio nec arcu ornare sodales a nec libero. Nulla in leo quis augue sollicitudin viverra. Phasellus ipsum nisl, tincidunt in finibus sed, commodo eget massa. Nulla sapien arcu, rutrum vitae mollis id, interdum a enim. Cras in quam vitae magna malesuada pulvinar in at lorem. Pellentesque efficitur tortor at tristique pulvinar. Mauris a vehicula orci. Phasellus sollicitudin diam vitae ligula fringilla blandit.
 




stockvault-empty-room109101.jpg
© test, test2

 



Vestibulum vel mi in lorem porta porta id quis elit. Sed non aliquam libero. Nulla facilisis ante lacus, vitae interdum mi iaculis sit amet. Pellentesque habitant morbi tristique senectus et netus et malesuada fames ac turpis egestas. Proin eget ligula quis risus dapibus sagittis. Suspendisse sollicitudin, nibh vel dictum cursus, leo libero lobortis risus, at mollis leo est id lectus. Nam eu sollicitudin orci, a bibendum ipsum. Nullam efficitur velit dolor, eget maximus enim suscipit vitae. Nullam commodo suscipit metus, ac mollis ex tempus sed. Mauris egestas sem id venenatis venenatis. Phasellus non lectus iaculis tortor elementum dignissim.
 
Curabitur ornare eros magna, eget eleifend dolor porttitor eget. In hac habitasse platea dictumst. Duis euismod dolor sem, at rhoncus enim varius a. Mauris ut iaculis metus, vel bibendum mi. Phasellus fermentum ullamcorper condimentum. Vestibulum ante ipsum primis in faucibus orci luctus et ultrices posuere cubilia Curae; Sed ultrices semper dolor vel vehicula. Nulla pretium eros at ullamcorper auctor. Quisque consectetur ultricies diam congue tincidunt. Etiam tempus tortor at sapien porta, sit amet convallis ex rhoncus. Nam sed lacus tristique, euismod nibh non, imperdiet nibh. In fermentum mauris lorem, in rhoncus quam facilisis quis. Mauris at ornare tellus. Morbi consequat molestie imperdiet. Sed volutpat justo rhoncus ligula hendrerit consequat.
Morbi commodo vel diam ut viverra. Suspendisse pellentesque eget tortor elementum congue. In tincidunt est sem, et finibus massa rhoncus non. Ut eget turpis neque. Integer convallis enim at eros maximus sodales. Interdum et malesuada fames ac ante ipsum primis in faucibus. Praesent sit amet condimentum ipsum.

","2014-01-03 00:00:00","Études","Nantes, Innovation","Morbi commodo vel diam ut viverra. Suspendisse pellentesque eget tortor elementum congue. In tincidunt est sem, et finibus massa rhoncus non. Ut eget turpis neque. Integer convallis enim at eros maximus sodales. Interdum et malesuada fames ac ante ipsum primis in faucibus. Praesent sit amet condimentum ipsum.
","Article de test complet (generated)","Français","Oui"
"Cras pretium arcu vel ornare ullamcorper","/publications/rapport/rapport-public/cras-pretium-arcu-vel-ornare-ullamcorper","Nullam viverra vitae nulla id iaculis. Pellentesque sit amet tempor velit. Pellentesque habitant morbi tristique senectus et netus et malesuada fames ac turpis egestas. Cras efficitur lacinia quam, vel accumsan dolor gravida sed. Maecenas at ornare eros, ac semper dui. Phasellus vitae odio ultricies neque mollis porta. Aenean tincidunt ex quis velit sollicitudin viverra. Praesent id urna malesuada, eleifend nisi a, convallis diam. Phasellus elementum et magna ac scelerisque. Vestibulum pretium elit leo, in commodo diam vestibulum eu. Nulla sed augue sed ligula feugiat mattis non sit amet ante.
Proin tincidunt placerat commodo. Suspendisse nec interdum felis. Etiam sed lacus bibendum, consequat libero quis, placerat sapien. Sed aliquam libero non velit posuere, in vulputate purus rutrum. Morbi tincidunt lacus in porttitor congue. Donec sit amet tempor turpis. Maecenas congue finibus orci finibus semper. Vivamus nulla nulla, hendrerit ac enim sed, suscipit finibus nisi. In eu venenatis quam.
","2014-09-05 00:00:00","Rapport public","","Nullam eget blandit massa, at congue enim. Aliquam venenatis, nisl ut aliquet cursus, massa ligula vulputate nibh, eu aliquet ante arcu eu lectus. In vulputate, nunc id porttitor hendrerit, lectus enim laoreet orci, ac convallis dui tortor et felis. 
","","Français","Oui"
"Nullam tincidunt massa in tortor porta ultricies (generated)","/publications/statistiques/nullam-tincidunt-massa-tortor-porta-ultricies-generated","Morbi pretium purus lorem, ac efficitur urna suscipit eget. Proin sed lacinia quam, nec posuere mauris. Cras non nulla mi. Nulla facilisi.
Aliquam vitae ornare lorem. Praesent massa tellus, gravida vel odio non, lobortis pharetra libero. In commodo mauris eu velit pretium ullamcorper. Cras pretium blandit mauris, lobortis ultricies arcu finibus et. Pellentesque habitant morbi tristique senectus et netus et malesuada fames ac turpis egestas. Duis eu viverra eros. Suspendisse potenti.
Nam nec arcu augue. Nam eu faucibus nibh, eget placerat nisl. Praesent et turpis non ante condimentum rutrum eu non diam. Ut lobortis, felis pharetra sodales congue, neque ex auctor lacus, quis hendrerit turpis felis nec felis. Integer vehicula nisl ac vestibulum iaculis. Sed sit amet magna et sem consectetur consectetur. Duis ac metus eu turpis commodo cursus nec non mi. Cras eget lectus quis sapien maximus pharetra. Morbi a laoreet odio, sit amet ultrices leo. Maecenas dictum ac lectus et iaculis. Curabitur rutrum elementum ante. Integer dictum iaculis metus, id gravida mauris facilisis vitae. Proin orci sem, rhoncus at metus sed, mollis posuere eros. Proin velit diam, lacinia non turpis vel, ultricies pretium urna. Morbi vel elit quis felis sagittis accumsan. Integer non quam nulla.
","2014-07-02 00:00:00","Statistiques","","Duis a ligula facilisis, ornare dolor nec, vulputate erat. Quisque suscipit finibus tellus id placerat. Phasellus iaculis maximus ultrices.
","","Français","Oui"
"Pellentesque at dui felis. Vivamus feugiat at nisi et auctor (generated)","/publications/rapport/pellentesque-dui-felis-vivamus-feugiat-nisi-et-auctor-generated","Pellentesque maximus metus vel tempus porttitor. Cras vitae erat eleifend, pellentesque lorem at, finibus orci. Nam efficitur odio sit amet orci eleifend, id venenatis nunc consectetur. Morbi a mauris elementum, maximus nulla sit amet, ultricies nisi. Morbi tincidunt nisi ut augue lobortis consectetur. Nullam cursus placerat est et fringilla. Curabitur fringilla ultricies orci, vitae auctor lectus lacinia eu.
Maecenas convallis metus eu nisl congue, eu sagittis metus eleifend. Nulla facilisi. In dictum feugiat dictum. Praesent fringilla velit ut lorem volutpat aliquet sed sed tellus. In a odio orci. Etiam sit amet pulvinar orci, id rhoncus nisi. Maecenas porta ut sem a commodo. Integer sit amet purus ac purus rutrum porta at in est. Nam gravida sollicitudin quam. Cum sociis natoque penatibus et magnis dis parturient montes, nascetur ridiculus mus. Ut id laoreet lacus, at molestie nulla. Duis nibh mauris, elementum et porttitor vitae, imperdiet nec justo. Sed varius rutrum risus, dignissim egestas ligula porttitor ac.
Vestibulum posuere massa eu est ultricies blandit. Aenean sit amet erat ac magna commodo vehicula vitae et tellus. Proin vitae fringilla nisi. Duis porttitor neque eget arcu facilisis, ac lacinia libero consectetur. Curabitur id est lacus. Proin ligula erat, auctor ac luctus at, ultricies id justo. Quisque lacinia semper luctus. Fusce ornare sit amet orci a blandit. Nulla aliquam, dui et sollicitudin vehicula, erat sem mattis ante, at gravida tellus enim vel nulla. Sed finibus suscipit ultricies.
Cras porttitor orci quis vestibulum rhoncus. Morbi vel pulvinar velit. Vestibulum placerat odio id aliquet mattis. Proin diam nisl, facilisis in vestibulum vitae, imperdiet id ipsum. Integer sagittis dui dolor, sed aliquet risus venenatis vitae. Donec ac dolor velit. Fusce auctor, ex non porta suscipit, neque neque euismod eros, ac dignissim libero lacus vitae diam. Donec varius odio orci. Aenean elementum purus quis massa porttitor, nec luctus libero tincidunt. Maecenas in ligula ut arcu pretium suscipit nec nec enim.
Etiam consectetur, enim ut blandit aliquet, ipsum ligula rhoncus velit, id ultrices dolor lectus ut nisl. Praesent a venenatis dolor, at pulvinar leo. Maecenas et lacus at lorem convallis imperdiet. Suspendisse facilisis congue accumsan. Morbi semper venenatis felis, eu fringilla diam ornare pharetra. Quisque at finibus libero, quis ultrices augue. Proin finibus tortor sem. Mauris venenatis, velit at dictum scelerisque, ex justo pulvinar dolor, a fermentum risus tellus eu justo.
","2014-06-18 00:00:00","Rapport","","Lorem ipsum dolor sit amet, consectetur adipiscing elit. Suspendisse et mi dictum ante condimentum varius sed nec tortor. Interdum et malesuada fames.
","","Français","Oui"
"Nunc auctor malesuada egestas","/nunc-auctor-malesuada-egestas","Lorem ipsum dolor sit amet, consectetur adipiscing elit. Vestibulum dignissim venenatis pulvinar. Duis accumsan lobortis felis, eu tincidunt lacus tincidunt sit amet. Fusce dolor dui, interdum ut sagittis eu, pretium at magna. Suspendisse tortor ex, maximus ac euismod sed, tempor in ipsum. Maecenas nec suscipit mauris, id lacinia sapien. Nullam tincidunt felis vitae metus lobortis laoreet. Ut sit amet euismod diam. Maecenas nec malesuada ex. Mauris commodo nec lacus convallis egestas. Morbi finibus consequat nunc, nec tristique augue eleifend eu. Duis maximus aliquam neque, ac ornare orci mollis et. Morbi auctor consequat eros, non cursus nulla. Praesent vitae tristique arcu.
Cras sed scelerisque orci, ut ultricies est. Phasellus ullamcorper lorem ac ante bibendum maximus. Nulla tempus diam sed tellus sollicitudin, in tempor eros placerat. Fusce ante augue, ullamcorper quis ipsum vel, fermentum hendrerit erat. Class aptent taciti sociosqu ad litora torquent per conubia nostra, per inceptos himenaeos. Donec mi ipsum, bibendum at congue facilisis, semper vel erat. Nullam eget quam urna. Aliquam scelerisque velit in orci luctus, at fringilla est semper. Nullam volutpat, massa ut viverra tincidunt, enim odio vestibulum lacus, vitae ultricies velit purus ac justo. Sed aliquam egestas nisl sed sagittis. Class aptent taciti sociosqu ad litora torquent per conubia nostra, per inceptos himenaeos. Nullam sagittis arcu est, nec interdum est fringilla eu.
Class aptent taciti sociosqu ad litora torquent per conubia nostra, per inceptos himenaeos. Phasellus dictum mi sed risus porta efficitur. Phasellus ornare vel sapien eu imperdiet. Nam sed laoreet massa, in porta odio. Phasellus sapien libero, malesuada et augue at, placerat tincidunt dui. Phasellus congue ultrices dui, ac interdum metus maximus non. Sed vel maximus elit, a dictum metus. Maecenas dignissim rutrum posuere. Aenean placerat dignissim felis in interdum. Nulla facilisi. Praesent imperdiet erat sed velit rhoncus ultrices. Ut enim magna, ultricies sed faucibus et, blandit at erat. Praesent bibendum lectus vitae nibh consectetur laoreet. Pellentesque nisi dolor, congue sed hendrerit sit amet, consectetur eu justo. Praesent sit amet eros non nisl accumsan rhoncus id vitae enim. Vivamus iaculis lorem ut tellus bibendum, sed tincidunt sem semper.
Vestibulum ut ipsum sapien. Interdum et malesuada fames ac ante ipsum primis in faucibus. Aenean scelerisque, dolor nec lacinia elementum, est orci placerat augue, nec congue lectus neque eget risus. Ut volutpat luctus felis, et ornare quam consectetur eu. Sed pretium at ex nec euismod. Phasellus in mi ac nunc ullamcorper auctor. Duis ultrices fringilla magna sed tincidunt. Mauris quis magna iaculis, porttitor mi sed, aliquet metus.
Integer congue vitae orci quis faucibus. Ut dignissim tristique lacus, eget cursus nisi luctus quis. Nunc sit amet massa ut massa sodales cursus. Aenean egestas ante in mauris porta ornare. Aenean tempor auctor risus a gravida. Integer laoreet hendrerit accumsan. Mauris congue pellentesque orci vel euismod. Etiam felis libero, pharetra sed tincidunt at, tincidunt quis libero. Morbi blandit ligula vel velit tincidunt, eu fringilla justo pharetra. Pellentesque cursus urna eget ornare ornare. Proin maximus non metus nec volutpat. Vestibulum mattis quis dolor in elementum.
","2013-05-07 00:00:00","","","Class aptent taciti sociosqu ad litora torquent per conubia nostra, per inceptos himenaeos. Phasellus dictum mi sed risus porta efficitur. Phasellus ornare vel sapien eu imperdiet. Nam sed laoreet massa, in porta odio. Phasellus sapien libero, malesuada et augue at, placerat tincidunt dui. Phasellus congue ultrices dui, ac interdum metus maximus non. Sed vel maximus elit, a dictum metus. Maecenas dignissim rutrum posuere.
","","Français","Oui"
"Pellentesque fermentum, lacus in dapibus ultricies, augue neque dapibus nunc","/pellentesque-fermentum-lacus-dapibus-ultricies-augue-neque-dapibus-nunc","Sed id mollis sem, vulputate posuere dui. Maecenas enim sapien, pulvinar sed hendrerit eget, tempus eu nunc. Nulla facilisi. Cras non tincidunt nisi, eget vulputate nunc. Suspendisse aliquet quam neque, et venenatis libero lacinia nec. Pellentesque tempus enim ut velit scelerisque porttitor. Maecenas eu enim id diam iaculis sollicitudin. Nulla sodales, enim varius accumsan consequat, ligula enim ornare metus, vel condimentum purus magna nec purus. Cras egestas tincidunt lectus, in semper orci maximus tristique.
Phasellus feugiat, augue vitae feugiat fermentum, massa justo consectetur felis, vel semper sem metus ac massa. Duis fermentum dignissim metus eget egestas. Curabitur eleifend ipsum accumsan risus ultricies imperdiet. Morbi porta neque at dui sagittis vehicula sed sit amet libero. Integer egestas, erat a congue scelerisque, ligula justo euismod eros, et vestibulum mauris libero eu metus. Maecenas id nulla pretium, sollicitudin dui et, tristique libero. Nunc tincidunt vel justo ut luctus. Sed massa velit, dignissim quis dictum in, tincidunt non nisi. Praesent diam ante, sagittis in posuere et, dapibus egestas elit. Phasellus porttitor tempor lorem nec convallis. Vivamus id interdum tortor. Maecenas ullamcorper lectus aliquam facilisis faucibus. Curabitur iaculis massa ut erat dictum, quis porttitor elit scelerisque.
Donec euismod velit eu interdum ultricies. Nam lectus lacus, posuere eget lorem vel, auctor gravida neque. Donec at sapien eget enim porta maximus. Suspendisse convallis non sapien ac cursus. Maecenas faucibus, dui eu pellentesque facilisis, est justo sollicitudin diam, id cursus velit ligula id mauris. Mauris pretium sed lacus eu volutpat. Aliquam efficitur euismod est nec vehicula. Sed posuere dui sem, id tincidunt enim efficitur et. Nunc faucibus ornare sem at lobortis.
","2013-02-06 00:00:00","","","Nam vel lobortis mauris, id pretium sem. Suspendisse cursus ligula aliquet felis rutrum hendrerit. Curabitur eu erat lorem. Quisque et rutrum leo.
","","Français","Oui"
"Travaux sur la route départementale (generated)","/actualit%C3%A9/communiqu%C3%A9-de-presse/travaux-sur-la-route-d%C3%A9partementale-generated","","2014-10-21 00:00:00","Communiqué de presse","","","","Français","Oui"
"Sécheresse dans les ports","/publications/%C3%A9tudes/s%C3%A9cheresse-dans-les-ports","","2014-10-21 00:00:00","Études","","","","Français","Oui"
"Construction d'un nouvel opéra","/actualit%C3%A9/construction-dun-nouvel-op%C3%A9ra","","2014-10-21 00:00:00","Actualité","","","","Français","Oui"
"Communiqué de presse n°7, l'organisation du territoire. (generated)","/actualit%C3%A9/communiqu%C3%A9-de-presse/communiqu%C3%A9-de-presse-n%C2%B07-lorganisation-du-territoire-generated","","2014-10-21 00:00:00","Communiqué de presse","","","","Français","Oui"
